{
  "color": {
    "primary": { "value": "#007bff" },
    "primary-hover": { "value": "#0056b3" },
    "primary-active": { "value": "#004085" },
    "secondary": { "value": "#6c757d" },
    "secondary-hover": { "value": "#545b62" },
    "secondary-active": { "value": "#3d4349" },
    "success": { "value": "#28a745" },
    "danger": { "value": "#dc3545" },
    "warning": { "value": "#ffc107" },
    "info": { "value": "#17a2b8" },
    "light": { "value": "#f8f9fa" },
    "dark": { "value": "#343a40" },
    "white": { "value": "#ffffff" },
    "black": { "value": "#000000" },
    "text": { "value": "#212529" },
    "text-muted": { "value": "#6c757d" },
    "border": { "value": "#dee2e6" },
    "background": { "value": "#ffffff" },
    "background-light": { "value": "#f8f9fa" },
    "outline": { "value": "#80bdff" }
  },
  "spacing": {
    "xs": { "value": "0.25rem" },
    "sm": { "value": "0.5rem" },
    "md": { "value": "1rem" },
    "lg": { "value": "1.5rem" },
    "xl": { "value": "2rem" },
    "xxl": { "value": "3rem" }
  },
  "font": {
    "family": {
      "base": { "value": "-apple-system, BlinkMacSystemFont, 'Segoe UI', Roboto, 'Helvetica Neue', Arial, sans-serif" },
      "monospace": { "value": "SFMono-Regular, Menlo, Monaco, Consolas, 'Courier New', monospace" }
    },
    "size": {
      "xs": { "value": "0.75rem" },
      "sm": { "value": "0.875rem" },
      "base": { "value": "1rem" },
      "lg": { "value": "1.125rem" },
      "xl": { "value": "1.25rem" },
      "2xl": { "value": "1.5rem" },
      "3xl": { "value": "1.875rem" },
      "4xl": { "value": "2.25rem" }
    },
    "weight": {
      "light": { "value": "300" },
      "normal": { "value": "400" },
      "medium": { "value": "500" },
      "semibold": { "value": "600" },
      "bold": { "value": "700" }
    },
    "lineHeight": {
      "tight": { "value": "1.25" },
      "normal": { "value": "1.5" },
      "relaxed": { "value": "1.75" },
      "loose": { "value": "2" }
    }
  },
  "borderRadius": {
    "none": { "value": "0" },
    "sm": { "value": "0.125rem" },
    "base": { "value": "0.25rem" },
    "md": { "value": "0.375rem" },
    "lg": { "value": "0.5rem" },
    "xl": { "value": "0.75rem" },
    "2xl": { "value": "1rem" },
    "full": { "value": "9999px" }
  },
  "shadow": {
    "none": { "value": "none" },
    "sm": { "value": "0 1px 2px 0 rgba(0, 0, 0, 0.05)" },
    "base": { "value": "0 1px 3px 0 rgba(0, 0, 0, 0.1), 0 1px 2px 0 rgba(0, 0, 0, 0.06)" },
    "md": { "value": "0 4px 6px -1px rgba(0, 0, 0, 0.1), 0 2px 4px -1px rgba(0, 0, 0, 0.06)" },
    "lg": { "value": "0 10px 15px -3px rgba(0, 0, 0, 0.1), 0 4px 6px -2px rgba(0, 0, 0, 0.05)" },
    "xl": { "value": "0 20px 25px -5px rgba(0, 0, 0, 0.1), 0 10px 10px -5px rgba(0, 0, 0, 0.04)" },
    "2xl": { "value": "0 25px 50px -12px rgba(0, 0, 0, 0.25)" },
    "inner": { "value": "inset 0 2px 4px 0 rgba(0, 0, 0, 0.06)" }
  },
  "transition": {
    "fast": { "value": "150ms" },
    "base": { "value": "300ms" },
    "slow": { "value": "500ms" },
    "slower": { "value": "700ms" }
  },
  "zIndex": {
    "dropdown": { "value": "1000" },
    "sticky": { "value": "1020" },
    "fixed": { "value": "1030" },
    "modal-backdrop": { "value": "1040" },
    "modal": { "value": "1050" },
    "popover": { "value": "1060" },
    "tooltip": { "value": "1070" }
  },
  "breakpoint": {
    "xs": { "value": "0" },
    "sm": { "value": "576px" },
    "md": { "value": "768px" },
    "lg": { "value": "992px" },
    "xl": { "value": "1200px" },
    "xxl": { "value": "1400px" }
  }
}
