{
  "source": ["tokens/**/*.json"],
  "platforms": {
    "css": {
      "transformGroup": "css",
      "buildPath": "src/assets/styles/tokens/",
      "files": [
        {
          "destination": "_variables.css",
          "format": "css/variables"
        }
      ]
    },
    "scss": {
      "transformGroup": "scss",
      "buildPath": "src/assets/styles/tokens/",
      "files": [
        {
          "destination": "_variables.scss",
          "format": "scss/variables"
        }
      ]
    }
  }
}
